_AvgRewardSum,_AvgDiscountedRewardSum,_mean_obs,_min_obs,_max_obs,_std_obs,_mean_act,_min_act,_max_act,_std_act,_mean_adv,_min_adv,_max_adv,_std_adv,_mean_discrew,_min_discrew,_max_discrew,_std_discrew,_Episode,ValFuncLoss,ExplainedVarNew,ExplainedVarOld
1290.0,6.340229135888872,0.8883333333333333,0,4,1.3225305555555558,0.5136666666666667,0,1,0.24981322222222221,8.526512829121202e-17,-1.7276098192489502,8.740461328586862,0.9999994478488704,6.424639083456447,0.0,38.381983892027506,13.517628812599913,3,14.36378237480993,-0.00023173547810251272,-0.002307971169737799
