_AvgRewardSum,_AvgDiscountedRewardSum,_mean_obs,_min_obs,_max_obs,_std_obs,_mean_act,_min_act,_max_act,_std_act,_mean_adv,_min_adv,_max_adv,_std_adv,_mean_discrew,_min_discrew,_max_discrew,_std_discrew,_Episode,ValFuncLoss,ExplainedVarNew,ExplainedVarOld
1296.6666,6.606599188942653,0.928,0,4,1.4241493333333335,0.5003333333333333,0,1,0.24999988888888885,1.8000415972589204e-16,-1.632454358542564,8.624696239207394,0.9999994967952465,6.456906936577565,0.0,40.9375104873788,16.09349638623589,3,17.577255561572414,-0.00022665702611401883,-0.0007551702290391482
