_AvgRewardSum,_AvgDiscountedRewardSum,_mean_obs,_min_obs,_max_obs,_std_obs,_mean_act,_min_act,_max_act,_std_act,_mean_adv,_min_adv,_max_adv,_std_adv,_mean_discrew,_min_discrew,_max_discrew,_std_discrew,_Episode,ValFuncLoss,ExplainedVarNew,ExplainedVarOld
1275.6,5.333992431747663,0.9196,0,4,1.38073584,0.4896,0,1,0.24989184,5.826450433232822e-17,-1.8898119706244014,8.902133513328746,0.9999994105241469,6.35666403027301,0.0,36.37850629923449,11.283442039835494,5,11.329461852461305,-0.0005592943624805891,-0.0004790944082495585
1820.0,5.378993293267337,1.0484,0,4,1.8208574400000002,0.4962,0,1,0.24998556,8.526512829121202e-17,-1.237364858513432,5.39516734753511,0.9999997249788793,9.078484026826933,0.0,48.40750361000848,53.3315269091647,10,61.09774129249178,-0.08730298371673673,-0.00012122945212467151
2253.2,7.2194204774866835,1.2518,0,4,2.2511967599999996,0.444,0,1,0.24686400000000003,-5.684341886080802e-18,-1.4344464974784388,4.047199759906432,0.9999997523966485,11.237122318090057,0.0,48.439647146051485,90.08268197318658,15,118.35092647405178,-0.2996434283314673,-0.06502241241913675
2429.2,6.669147314075017,1.3358,0,4,2.4166383600000003,0.4328,0,1,0.24548415999999998,-1.1368683772161604e-17,-2.7141403256974703,3.563932722077228,0.9999997368678505,12.119323410743702,0.0,49.718018487766265,104.15145606875772,20,148.18286989023824,-0.4225806550764981,-0.28326820762157534
2577.2,9.122453959527144,1.4076,0,4,2.53786224,0.415,0,1,0.242775,2.2737367544323207e-17,-2.7362162726877517,3.1092967753845904,0.999999745528259,12.849510184161895,0.0,49.792894151416,117.45604419596566,25,172.0594875239927,-0.46487200991100486,-0.4002062861804656
