_AvgRewardSum,_AvgDiscountedRewardSum,_mean_obs,_min_obs,_max_obs,_std_obs,_mean_act,_min_act,_max_act,_std_act,_mean_adv,_min_adv,_max_adv,_std_adv,_mean_discrew,_min_discrew,_max_discrew,_std_discrew,_Episode,ValFuncLoss,ExplainedVarNew,ExplainedVarOld
1264.6666,5.733356904206322,0.9043333333333333,0,4,1.3838478888888888,0.502,0,1,0.2499959999999999,1.0894988614988202e-16,-1.5575371955482469,8.77235093431427,0.9999994245882456,6.30039990571651,1.2800000000000002,36.26758594254373,11.204187450482276,3,12.675534606683206,-0.001013645702247823,-0.014890757581250691
