_AvgRewardSum,_AvgDiscountedRewardSum,_mean_obs,_min_obs,_max_obs,_std_obs,_mean_act,_min_act,_max_act,_std_act,_mean_adv,_min_adv,_max_adv,_std_adv,_mean_discrew,_min_discrew,_max_discrew,_std_discrew,_Episode,ValFuncLoss,ExplainedVarNew,ExplainedVarOld
1298.0,6.237126248282716,0.93185,0,4,1.4151055775,0.49795,0,1,0.24999579750000003,-2.1316282072803006e-17,-1.7686112121642603,10.193889651178287,0.9999994607251494,6.465051495006871,0.0,44.180316695323405,13.678383021222322,20,15.4166199198316,-0.12284535044033729,-0.0002754017482895499
1955.2,7.75889277379287,1.1169,0,4,1.96843439,0.48205,0,1,0.2496777975,-1.0373923942097463e-16,-1.4788705787262795,4.8528348581827645,0.9999997354954357,9.74496442890483,0.0,49.87596007222972,72.18393233090899,40,97.228885183883,-0.32716954586404734,-0.034350652045107566
2262.2,7.244815182890489,1.2478,0,4,2.26329516,0.44855,0,1,0.2473528975000001,1.4210854715202004e-17,-2.9640727170419807,3.857545028714658,0.9999997152761744,11.28202073926844,0.0,49.917429995131975,90.39669952231476,60,132.85397204478917,-0.4664276890379211,-0.32038737185391297
2482.6,7.44120678008436,1.35165,0,4,2.4551922774999997,0.42065,0,1,0.2437035775,2.7000623958883807e-17,-3.1716960185827054,3.2619680535741,0.9999997316489818,12.383235172879663,0.0,49.83792742196895,105.58077300512963,80,157.2016587181169,-0.48477065718762224,-0.44821748042970366
