_AvgRewardSum,_AvgDiscountedRewardSum,_mean_obs,_min_obs,_max_obs,_std_obs,_mean_act,_min_act,_max_act,_std_act,_mean_adv,_min_adv,_max_adv,_std_adv,_mean_discrew,_min_discrew,_max_discrew,_std_discrew,_Episode,ValFuncLoss,ExplainedVarNew,ExplainedVarOld
-780.2,-21.15888938505369,256.18671863137115,1,499,20940.519218250185,2.5065040238902667,0,5,2.9286032410249585,9.710307164813841e-18,-1.4282479699056498,5.685780418674558,0.9999995282558377,-19.31651790484277,-44.97750403222114,20.0,56.686885664282585,100,59.04067132974719,-4.873608183686429e-10,-4.074901753803317e-07
