_AvgRewardSum,_AvgDiscountedRewardSum,_mean_obs,_min_obs,_max_obs,_std_obs,_mean_act,_min_act,_max_act,_std_act,_mean_adv,_min_adv,_max_adv,_std_adv,_mean_discrew,_min_discrew,_max_discrew,_std_discrew,_Episode,ValFuncLoss,ExplainedVarNew,ExplainedVarOld
1276.8,11.337824603401721,0.94175,0,4,1.4183569375000002,0.4976,0,1,0.2499942399999999,2.2737367544323207e-17,-2.4295815305185435,11.80146356357116,0.999999618637739,12.665959578569387,0.0,74.66949196862709,27.68199710914662,20,27.79979822151462,-1.094096890863483e-06,-0.00015473363771079107
1338.9,12.776869079908495,0.94195,0,4,1.4534801975000002,0.50195,0,1,0.24999619750000002,-2.842170943040401e-17,-2.241178916735573,10.10703527251666,0.999999662451726,13.274008178280827,0.0,73.16493383701376,35.120183305456685,40,37.385627862541625,-0.05045833094374408,-8.629461982767594e-07
1302.1,10.919478274632885,0.92865,0,4,1.4216591774999998,0.50515,0,1,0.24997347749999999,-1.4210854715202004e-18,-3.1568577250477956,9.77396598717647,0.9999996011634401,12.922724695528307,0.0,65.5852849526133,28.52732532582248,60,32.60956336309514,-0.140925441771508,-0.060590474348428014
1305.4,11.102502846549758,0.94205,0,4,1.4393917974999997,0.49825,0,1,0.24999693749999993,-5.684341886080802e-18,-3.511817483860911,10.787862686074126,0.9999996097931279,12.954077474381055,0.0,75.2928088308092,30.601325459937513,80,34.97537652931387,-0.14273657307717413,-0.13536094069544702
1333.0,11.801093776780696,0.93985,0,4,1.4540319775,0.49615,0,1,0.24998517750000004,-6.3948846218409015e-18,-3.1503401412788006,8.171267113303033,0.999999632023753,13.223790156008976,0.0,64.99244872843052,34.90638938610436,100,39.52241748942842,-0.1309912723178588,-0.1290854975058484
