_AvgRewardSum,_AvgDiscountedRewardSum,_mean_obs,_min_obs,_max_obs,_std_obs,_mean_act,_min_act,_max_act,_std_act,_mean_adv,_min_adv,_max_adv,_std_adv,_mean_discrew,_min_discrew,_max_discrew,_std_discrew,_Episode,ValFuncLoss,ExplainedVarNew,ExplainedVarOld
-757.95,-20.076946110076964,250.08842278428952,1,499,20848.23369899296,2.4958873123586263,0,5,2.907087753700837,-5.095656571999485e-17,-1.467880939255976,5.61597473375926,0.9999995277429954,-19.069721445402493,-46.47641130400181,20.0,54.000163641385235,100,54.78006679452756,-4.539071341014278e-10,-4.505126411924465e-07
