_AvgRewardSum,_AvgDiscountedRewardSum,_mean_obs,_min_obs,_max_obs,_std_obs,_mean_act,_min_act,_max_act,_std_act,_mean_adv,_min_adv,_max_adv,_std_adv,_mean_discrew,_min_discrew,_max_discrew,_std_discrew,_Episode,ValFuncLoss,ExplainedVarNew,ExplainedVarOld
-761.45,-19.30750520521134,248.33405859434296,1,499,20688.1455520498,2.463036988311491,0,5,2.9145245418186283,-8.484950950735396e-17,-3.770290473653685,5.4785568802076,0.9999997183597545,-18.87375387936627,-45.63854443969279,20.0,50.393827976339225,100,50.88908887196393,-3.782126989371193e-08,-6.989461526329954e-05
-581.71,-15.702340202455895,249.420436653721,1,499,20906.265712289653,2.2425737377978376,0,5,2.652714610260228,2.3866240730894518e-17,-4.056306490209722,5.235452488675323,0.999999700277883,-14.935135085494787,-42.002487631533675,20.0,44.52767266461768,200,48.65438673260782,-0.0027348558831210568,-7.919585653937133e-08
-389.75,-10.739788145795316,249.0659516202647,1,498,20585.399233222674,1.971702418986764,0,5,2.2802353035039613,3.4051568806394576e-17,-4.939465022259569,5.48689073319645,0.9999996450832765,-10.872836874810698,-38.753807873302165,20.0,31.77271452335164,300,35.64444823954745,-0.0013093818653460154,-0.0036585550111334353
-266.3,-8.36643061470259,247.26860762577658,1,498,21373.521710340505,1.7865148008283591,0,5,1.9157470079731636,1.796048454991117e-16,-5.486468644956322,6.090984475607058,0.9999995638680378,-7.9061656568473015,-33.00683861070398,20.0,21.024638779990553,400,23.38352649791992,-0.0006642159791991897,-0.0019077624812404714
-214.29,-6.493879031228487,240.0419013018468,1,498,22344.728973920628,1.7019073569482288,0,5,1.723008774947389,-2.4953968316128253e-17,-6.956516450013195,7.177982759509163,0.9999994553896228,-6.330454034968733,-31.906821800180012,20.0,13.471963749363788,500,13.776535390843543,-0.000841969697406908,-0.0020360176519800266
