_AvgRewardSum,_AvgDiscountedRewardSum,_mean_obs,_min_obs,_max_obs,_std_obs,_mean_act,_min_act,_max_act,_std_act,_mean_adv,_min_adv,_max_adv,_std_adv,_mean_discrew,_min_discrew,_max_discrew,_std_discrew,_Episode,ValFuncLoss,ExplainedVarNew,ExplainedVarOld
-768.88,-19.33633619803509,246.8252587138959,1,499,20832.233276428717,2.511609946970087,0,5,2.907539100909141,-1.0279694627430786e-16,-1.4309001461749677,5.7154376722892515,0.9999995295621277,-19.3948136498371,-45.27696321436888,20.0,54.05318575028945,100,54.76143107133423,-5.551090698219241e-10,-2.7702227003434388e-06
