_AvgRewardSum,_AvgDiscountedRewardSum,_mean_obs,_min_obs,_max_obs,_std_obs,_mean_act,_min_act,_max_act,_std_act,_mean_adv,_min_adv,_max_adv,_std_adv,_mean_discrew,_min_discrew,_max_discrew,_std_discrew,_Episode,ValFuncLoss,ExplainedVarNew,ExplainedVarOld
-779.1,-39.80461459457758,245.78704867219568,1,499,20939.729469525406,2.520901399011477,0,5,2.875180958444051,3.0952686822086963e-17,-3.627437520461529,5.00465312853679,0.9999998255028645,-37.35993198617142,-78.94214946801638,20.0,131.37166422174073,60,757.2612359172202,-3.0597619993244507e-09,-1.595255760400427e-05
-764.75,-39.100243250670836,251.81366666666668,1,499,22022.38327988889,2.4661666666666666,0,5,2.893688638888889,2.8895404587577405e-16,-4.365877796281817,3.160126578563755,0.9999998218545539,-36.477989053719824,-85.49280778409025,-1.0,126.04111349777821,120,218.16828240558192,-3.2592506471473826e-10,-5.118405255188918e-09
