_AvgRewardSum,_AvgDiscountedRewardSum,_mean_obs,_min_obs,_max_obs,_std_obs,_mean_act,_min_act,_max_act,_std_act,_mean_adv,_min_adv,_max_adv,_std_adv,_mean_discrew,_min_discrew,_max_discrew,_std_discrew,_Episode,ValFuncLoss,ExplainedVarNew,ExplainedVarOld
-773.3333,-40.547608465445414,253.021534320323,1,498,20241.71959010885,2.4876345895020187,0,5,2.9264958180229472,-1.8887239611388936e-16,-3.4703455003108967,5.101568329699036,0.9999998215850362,-37.18912276486033,-76.08962153137814,20.0,125.64366577642281,60,765.6434911597325,-1.1061813687263111e-09,-2.814819602292573e-06
-731.25,-39.73494830124652,252.81110817709708,1,499,20932.75527137999,2.468796760848517,0,5,2.8998493488003523,1.4259637686233856e-16,-3.5262338467196064,4.809937420361023,0.9999998304280163,-36.7303166901969,-78.32012306180559,20.0,139.10795225233974,120,245.43898458246454,-9.950262835900503e-12,-1.411439853882257e-10
-751.45,-40.82366379507183,255.41149188353518,1,498,21932.049604258867,2.4728162844627675,0,5,2.9281238816484123,5.858636316496575e-17,-3.361261726879965,4.816123220026615,0.9999998305112074,-36.83116220481502,-76.49469401841736,20.0,139.24450580303704,180,147.08979236783034,-1.6976198224938344e-11,-3.5073721704748095e-11
