_AvgRewardSum,_AvgDiscountedRewardSum,_mean_obs,_min_obs,_max_obs,_std_obs,_mean_act,_min_act,_max_act,_std_act,_mean_adv,_min_adv,_max_adv,_std_adv,_mean_discrew,_min_discrew,_max_discrew,_std_discrew,_Episode,ValFuncLoss,ExplainedVarNew,ExplainedVarOld
-761.2833,-37.24673051223587,240.73259668508288,1,498,20018.64213762612,2.493582660433489,0,5,2.9058024216627905,-3.0197311337020833e-16,-3.5709519389574758,5.093618092697663,0.9999998218865203,-37.114897197058454,-77.20342333083715,20.0,126.04557459234223,60,764.6511642287994,-6.962664667042873e-09,-9.577409963767991e-06
-775.9,-44.68085268897801,243.6053326518443,1,499,20891.468652029645,2.517250191668796,0,5,2.927954411464952,3.3653783208332543e-16,-3.475133783216965,4.987422533212495,0.9999998268328016,-37.60220968974802,-77.73855575574926,20.0,133.39240385508486,120,254.74836391659457,-4.380305007600782e-10,-9.243058762820056e-09
-717.73334,-38.228728963546835,233.49257641921398,2,498,21160.80016323106,2.512052401746725,0,5,2.800422425201655,-1.1914777752483776e-16,-3.0827257804664554,4.478551936730612,0.9999998395002118,-35.80755339385893,-74.22166115168228,20.0,155.2784959911376,180,158.51024664177132,-5.608269404433486e-11,-1.266882154737914e-10
-732.8,-38.30019010454729,236.476726342711,2,499,21670.11424947072,2.5138959931798808,0,5,2.7814352048688558,-2.9075917575860875e-17,-3.124892744453923,4.392282383508631,0.9999998423450919,-35.72019585196458,-75.36235245571024,20.0,160.93276838959534,240,160.96034458981478,-6.156453125072403e-11,-7.179856709171872e-11
