_AvgRewardSum,_AvgDiscountedRewardSum,_mean_obs,_min_obs,_max_obs,_std_obs,_mean_act,_min_act,_max_act,_std_act,_mean_adv,_min_adv,_max_adv,_std_adv,_mean_discrew,_min_discrew,_max_discrew,_std_discrew,_Episode,ValFuncLoss,ExplainedVarNew,ExplainedVarOld
-747.5,-18.6802148639929,247.7516333037161,1,499,20781.7676141462,2.502534887367376,0,5,2.891503008308299,-1.7677224806449992e-16,-3.773590259114317,5.261307966824585,0.9999997311812031,-19.143778500726647,-47.219241952219605,20.0,55.353087184988325,100,56.02051161829811,-2.416116196002349e-10,-5.1818748181275964e-08
-414.39,-10.60017431365248,247.86807429750755,1,499,22053.097746162017,1.9622691432502513,0,5,2.263856585655788,-1.492752638496903e-16,-4.778400290385002,5.654235369542956,0.9999996321260737,-10.740060870748746,-36.71853004374948,20.0,29.557119018085178,200,47.38261270217386,-1.0119791671314715e-09,-2.887805550244593e-10
