_AvgRewardSum,_AvgDiscountedRewardSum,_mean_obs,_min_obs,_max_obs,_std_obs,_mean_act,_min_act,_max_act,_std_act,_mean_adv,_min_adv,_max_adv,_std_adv,_mean_discrew,_min_discrew,_max_discrew,_std_discrew,_Episode,ValFuncLoss,ExplainedVarNew,ExplainedVarOld
-778.11,-19.14149927511786,244.70273556231004,1,498,20410.87759130089,2.5091185410334345,0,5,2.9008793648740623,-2.318082684040043e-16,-3.472692796094762,5.413514207566395,0.9999997246525216,-19.32109423961261,-44.545397312188726,20.0,52.760483681237176,100,53.534272366337596,-1.7365788806955607e-09,-2.0912132381312176e-07
-200.0,-4.999999999999999,445.4452,4,497,1574.62699696,0.0832,0,5,0.24237776000000003,3.817746119239018e-15,-0.21727891528353302,8.465804496140226,0.9999956585654795,-4.9,-4.999999999999998,-1.0,0.21222222222222226,200,51.66825485058224,-1.873035060384609e-11,-2.1818102879933576e-12
-200.0,-4.999999999999999,450.61,6,494,1215.8179,0.0,0,0,0.0,6.714628852932947e-16,-0.2174590047035288,8.465804484862177,0.9999956585696321,-4.9,-4.999999999999998,-1.0,0.21222222222222226,300,0.21226360527826243,-1.119491646051074e-07,-7.851053140939257e-12
-200.0,-4.999999999999999,445.57,6,494,1308.5951000000002,0.0,0,0,0.0,-6.039613253960851e-18,-0.2170762274835505,8.465807362505064,0.9999956585629166,-4.9,-4.999999999999998,-1.0,0.21222222222222226,400,0.21305605951841525,-1.4733583797443828e-07,-1.4378863633091044e-07
-200.0,-4.999999999999999,446.22,3,494,1328.2816,0.0,0,0,0.0,-1.0302869668521452e-17,-0.21707938576186034,8.46580812670868,0.9999956585622496,-4.9,-4.999999999999998,-1.0,0.21222222222222226,500,0.21339227783204495,-2.1486920798174935e-07,-3.691473584588323e-07
