_AvgRewardSum,_AvgDiscountedRewardSum,_mean_obs,_min_obs,_max_obs,_std_obs,_mean_act,_min_act,_max_act,_std_act,_mean_adv,_min_adv,_max_adv,_std_adv,_mean_discrew,_min_discrew,_max_discrew,_std_discrew,_Episode,ValFuncLoss,ExplainedVarNew,ExplainedVarOld
-784.15,-39.0725206458063,246.89413556740288,1,499,20766.583613742474,2.530930016078531,0,5,2.940250916402073,1.7677884768847378e-16,-3.2779441097931543,4.866907668729222,0.9999998321936164,-38.02918159018911,-77.07534673845753,20.0,141.92939828489844,60,793.7489961221277,-1.940364091623792e-09,-3.220498414635564e-05
-755.06665,-38.229835084752615,243.68714524207013,1,498,22178.8931068754,2.4813856427378966,0,5,2.8741944072062227,3.3214017698301844e-17,-4.152986923774191,4.940630789044915,0.9999998238408808,-36.09314599784922,-83.24366336147493,20.0,128.8990015660393,120,214.7121583367605,-1.644429037384043e-10,-2.894730677382995e-09
-728.88336,-35.040214460428636,245.71316601350787,1,498,21283.364403492575,2.4131576753105977,0,5,2.8501462285363117,1.2086276836076082e-16,-3.302278041607697,5.0023852744015915,0.9999998177229568,-34.887708179051835,-71.12133849583876,20.0,120.39155809028166,180,122.63676715183473,-3.022959660370361e-11,-6.102807148522515e-11
