_AvgRewardSum,_AvgDiscountedRewardSum,_mean_obs,_min_obs,_max_obs,_std_obs,_mean_act,_min_act,_max_act,_std_act,_mean_adv,_min_adv,_max_adv,_std_adv,_mean_discrew,_min_discrew,_max_discrew,_std_discrew,_Episode,ValFuncLoss,ExplainedVarNew,ExplainedVarOld
-781.1,-20.54189140626681,248.59492903682005,1,498,20616.149266673838,2.5060861659679783,0,5,2.919087661851652,-1.2058303915116604e-16,-3.7123176302048533,5.355418171065032,0.9999997276299202,-19.310735059219834,-46.564282463291555,20.0,53.89744952251841,100,55.70724878943344,-1.3009360921856228e-08,-2.973433672015524e-05
-709.71,-17.075448214208713,250.0304922468519,1,499,20686.487882794434,2.423405141013633,0,5,2.863656591090231,-2.3662574195361856e-17,-3.872810631232592,5.2306475339716725,0.9999997254931834,-18.10931526247875,-46.32408606835093,20.0,53.08299906896432,200,53.465243755889205,-4.323265612171667e-08,-8.296371589722185e-09
-650.62,-17.910121786382483,256.97270667579954,1,499,21101.649921600612,2.347173191422098,0,5,2.8210904600727007,-8.985207681248961e-18,-3.650832097854878,5.204983311060001,0.9999997168372977,-16.763051334920018,-42.54930435101567,20.0,49.88770559627355,300,50.47833305410434,-0.001480216416904323,-2.5010511883749587e-08
